file_name,label,x,y,height,width,is_included,id
3f2cd971-79f3-40c5-b0b2-0c82201215a4.jpg,Santa,47,0,418,557,true,3f2cd971-79f3-40c5-b0b2-0c82201215a4
nah,Other,0,0,0,0,false,41ba24a0-e8b6-4549-a9b7-a4dafe80331b
nah,Other,0,0,0,0,false,4354804f-003e-4da2-8d31-c1159f27116b
3efee60e-c9ae-4b17-9257-7882360e7f54.jpg,Krampus,72,0,801,1068,true,3efee60e-c9ae-4b17-9257-7882360e7f54
468d01d3-e2e0-4889-8c85-fcf925403797.jpg,Other,180,0,406,541,true,468d01d3-e2e0-4889-8c85-fcf925403797
4a131777-9e15-40dc-8245-1328c688c8ee.jpg,Krampus,90,53,503,671,true,4a131777-9e15-40dc-8245-1328c688c8ee
nah,Other,0,0,0,0,false,4b5e0c18-ddda-46ba-bc49-461a50157e1f
3e5d2d79-f339-46d1-83ed-1321ee797b3c.jpg,Other,110,0,667,889,true,3e5d2d79-f339-46d1-83ed-1321ee797b3c
4cb99718-2683-4875-ae18-687907fdc342.jpg,Krampus,0,0,773,1031,true,4cb99718-2683-4875-ae18-687907fdc342
4ce9a42b-b39f-418c-8505-5cffe9091928.jpg,Krampus,0,90,213,284,true,4ce9a42b-b39f-418c-8505-5cffe9091928
51a8e67e-e52c-4170-af3b-ef29147e2b72.jpg,Krampus,0,228,284,379,true,51a8e67e-e52c-4170-af3b-ef29147e2b72
3bc70941-a85f-40a4-b1ea-7545174918ff.jpg,Krampus,0,0,900,1200,true,3bc70941-a85f-40a4-b1ea-7545174918ff
nah,Other,0,0,0,0,false,53603505-bd6c-477f-ae1c-66efb91509b0
53a0fd13-b76d-46d7-ae17-010eb43de552.jpg,Krampus,332,109,178,237,true,53a0fd13-b76d-46d7-ae17-010eb43de552
5440287b-90e9-46b3-bb79-95ee48a07e25.jpg,Santa,0,0,225,300,true,5440287b-90e9-46b3-bb79-95ee48a07e25
3ac67e24-221e-4cba-aaba-cd666db79916.jpg,Santa,256,63,263,351,true,3ac67e24-221e-4cba-aaba-cd666db79916
54bc56bd-8ffe-45bf-b46f-cf7ffab12a97.jpg,Santa,0,21,342,456,true,54bc56bd-8ffe-45bf-b46f-cf7ffab12a97
54cb181e-5499-4074-8227-1709464225f5.jpg,Krampus,0,0,1575,2100,true,54cb181e-5499-4074-8227-1709464225f5
552165c0-01f6-4964-b9b8-8a855dea5e07.jpg,Other,209,0,314,419,true,552165c0-01f6-4964-b9b8-8a855dea5e07
399a8d03-97f8-4f2e-a4f3-5084b9287708.jpg,Other,71,0,715,953,true,399a8d03-97f8-4f2e-a4f3-5084b9287708
565dc733-8ee8-4e65-a46d-9488a118fe96.jpg,Santa,0,0,519,692,true,565dc733-8ee8-4e65-a46d-9488a118fe96
56a9ffb3-3be9-4f2d-80ad-00963a4358a2.jpg,Krampus,0,111,535,713,true,56a9ffb3-3be9-4f2d-80ad-00963a4358a2
57158ba8-a013-4f77-9942-986744670c71.jpg,Other,130,0,496,661,true,57158ba8-a013-4f77-9942-986744670c71
3668feea-2476-4bcd-8c9e-19815dfe4a4d.jpg,Other,36,0,321,428,true,3668feea-2476-4bcd-8c9e-19815dfe4a4d
5bed66e5-b8c5-4bba-8630-cfec782f1941.jpg,Other,0,0,2001,2668,true,5bed66e5-b8c5-4bba-8630-cfec782f1941
5c8bb64e-bba9-4617-9a8f-60a9dbdbebd6.jpg,Santa,0,92,268,357,true,5c8bb64e-bba9-4617-9a8f-60a9dbdbebd6
5d00d2b9-2ff9-4a7d-a33a-1c298b027249.jpg,Santa,172,0,948,1264,true,5d00d2b9-2ff9-4a7d-a33a-1c298b027249
nah,Other,0,0,0,0,false,3183ffec-a210-4e86-856e-64d3f53cc6df
5f6edbbe-4e99-40fe-8e39-7e18c2b7ce1a.jpg,Other,0,0,900,1200,true,5f6edbbe-4e99-40fe-8e39-7e18c2b7ce1a
5fbcbd64-1e9d-49f1-b417-e1254bf521c0.jpg,Santa,306,0,1453,1937,true,5fbcbd64-1e9d-49f1-b417-e1254bf521c0
60bf8cde-3064-410e-ad89-e12faf2ecb14.jpg,Other,59,0,422,563,true,60bf8cde-3064-410e-ad89-e12faf2ecb14
nah,Other,0,0,0,0,false,3021afec-de97-4f00-bd4a-4e8e6325484d
62383349-7f58-43b4-ae2d-9415c8270ca1.jpg,Other,0,0,385,513,true,62383349-7f58-43b4-ae2d-9415c8270ca1
65591e87-900b-4f2b-9192-c4d5b7a449da.jpg,Krampus,661,0,4000,5333,true,65591e87-900b-4f2b-9192-c4d5b7a449da
65880576-2d6c-4233-8b43-56e4e86ca829.jpg,Santa,101,0,458,611,true,65880576-2d6c-4233-8b43-56e4e86ca829
2f0d4008-fad8-4dfb-aa5d-98c62ce7bead.jpg,Krampus,407,74,369,492,true,2f0d4008-fad8-4dfb-aa5d-98c62ce7bead
663a5bde-faa6-404a-afe7-2444b16b63d2.jpg,Krampus,302,23,211,281,true,663a5bde-faa6-404a-afe7-2444b16b63d2
66653f2e-e2a9-4cb6-8aa2-8b35ce5ee490.jpg,Krampus,0,0,312,416,true,66653f2e-e2a9-4cb6-8aa2-8b35ce5ee490
6995a47f-f53c-4dd2-bcd2-3d94b01bc3fe.jpg,Krampus,224,0,1200,1600,true,6995a47f-f53c-4dd2-bcd2-3d94b01bc3fe
nah,Other,0,0,0,0,false,2e045f7c-9f38-4c46-85e8-cebb5862ff57
6d7e421f-5cb4-4abb-8259-644b0433db38.jpg,Krampus,0,0,411,548,true,6d7e421f-5cb4-4abb-8259-644b0433db38
nah,Other,0,0,0,0,false,6e3ac304-4970-4ede-867b-b676c2e0cb08
nah,Other,0,0,0,0,false,7111082d-2db1-4ea7-a3c7-d4a22380680e
27935142-6531-418e-9c6f-918228f08c21.jpg,Krampus,139,0,489,652,true,27935142-6531-418e-9c6f-918228f08c21
7270a804-5041-42f9-a482-301d7d0b7ea4.jpg,Santa,103,0,600,800,true,7270a804-5041-42f9-a482-301d7d0b7ea4
72903e84-b6f8-45c6-9573-3b3036ec6c1f.jpg,Other,53,0,320,427,true,72903e84-b6f8-45c6-9573-3b3036ec6c1f
76e8f731-6e9b-422a-be64-f808f9ff103e.jpg,Santa,174,0,394,525,true,76e8f731-6e9b-422a-be64-f808f9ff103e
26b026a7-7f54-498d-b7f5-0bc12220cdf1.jpg,Krampus,319,0,720,960,true,26b026a7-7f54-498d-b7f5-0bc12220cdf1
771a3313-8f6a-40a0-ba5a-cc8413ca30de.jpg,Krampus,0,0,900,1200,true,771a3313-8f6a-40a0-ba5a-cc8413ca30de
7b421c7a-0593-487c-98a4-82e4a126452c.jpg,Other,144,0,510,680,true,7b421c7a-0593-487c-98a4-82e4a126452c
7b891937-eafd-46e7-a24c-80ba138688c4.jpg,Other,0,0,440,587,true,7b891937-eafd-46e7-a24c-80ba138688c4
25857d98-8702-4f89-bd03-21b9ab2f1a2c.jpg,Krampus,249,31,211,281,true,25857d98-8702-4f89-bd03-21b9ab2f1a2c
7ca00866-c13b-43b3-a21d-8af8ef82d710.jpg,Santa,420,0,948,1264,true,7ca00866-c13b-43b3-a21d-8af8ef82d710
7d390119-91ce-4351-8637-64a784a9acce.jpg,Krampus,0,0,450,600,true,7d390119-91ce-4351-8637-64a784a9acce
7ed93e40-4701-40b0-baf1-4cb502697c98.jpg,Santa,0,27,188,250,true,7ed93e40-4701-40b0-baf1-4cb502697c98
23495a30-3718-42ec-a009-e72bb82ec403.jpg,Other,446,132,388,517,true,23495a30-3718-42ec-a009-e72bb82ec403
829249ab-2214-40ba-a151-0c7334fcb52e.jpg,Krampus,97,0,800,1067,true,829249ab-2214-40ba-a151-0c7334fcb52e
8792d45f-8554-4b73-914c-058c8965c643.jpg,Other,121,0,734,979,true,8792d45f-8554-4b73-914c-058c8965c643
8bb1ce96-3db8-4f21-8f83-8995c8e1f50e.jpg,Other,400,0,600,800,true,8bb1ce96-3db8-4f21-8f83-8995c8e1f50e
225ca3df-e5a2-4f30-9b0b-9ee69a873c12.jpg,Santa,138,43,167,222,true,225ca3df-e5a2-4f30-9b0b-9ee69a873c12
8dd7a1b3-9a68-4b7f-8df7-7be9ad0cc2df.jpg,Krampus,0,0,1800,2400,true,8dd7a1b3-9a68-4b7f-8df7-7be9ad0cc2df
8f5d6be2-f577-4093-9ff6-e0728d950588.jpg,Krampus,156,0,650,867,true,8f5d6be2-f577-4093-9ff6-e0728d950588
8fae130a-e323-4ac1-98a7-4589e155919a.jpg,Other,44,0,240,320,true,8fae130a-e323-4ac1-98a7-4589e155919a
216e0cf4-ca35-4a2f-9c59-1695209c8770.jpg,Santa,0,70,962,1282,true,216e0cf4-ca35-4a2f-9c59-1695209c8770
90a628b7-61ee-407c-95ab-71a9a0231003.jpg,Other,1110,0,667,889,true,90a628b7-61ee-407c-95ab-71a9a0231003
nah,Other,0,0,0,0,false,93bb7beb-5e0a-4da2-8761-7df1888e7eb4
9539df45-e544-4bea-aa25-3d6b957bd72a.jpg,Santa,395,0,670,893,true,9539df45-e544-4bea-aa25-3d6b957bd72a
20ecd0ad-3e49-429f-8840-0098f05c7979.jpg,Krampus,105,0,320,427,true,20ecd0ad-3e49-429f-8840-0098f05c7979
nah,Other,0,0,0,0,false,9804b5c9-9697-4430-a1a1-0faeb7f66c72
9909f4eb-6b92-472b-8770-6fa82db63158.jpg,Krampus,55,0,720,960,true,9909f4eb-6b92-472b-8770-6fa82db63158
9baabd5e-8151-4e68-a818-7dea8956a076.jpg,Santa,0,260,1200,1600,true,9baabd5e-8151-4e68-a818-7dea8956a076
1f46e610-6be6-45ba-87fd-a6c238f0bd46.jpg,Krampus,0,51,188,250,true,1f46e610-6be6-45ba-87fd-a6c238f0bd46
9c204bea-05c1-47bf-b365-26743cbd4eb7.jpg,Santa,0,0,207,276,true,9c204bea-05c1-47bf-b365-26743cbd4eb7
9f22271a-c89e-48ec-a7bb-8c1a8d7f3441.jpg,Krampus,293,40,271,361,true,9f22271a-c89e-48ec-a7bb-8c1a8d7f3441
a3000150-de70-4d5c-a8bc-e8a0726931dc.jpg,Other,0,249,296,394,true,a3000150-de70-4d5c-a8bc-e8a0726931dc
1af28071-5d7e-49b2-a56a-4fa0539862d3.jpg,Krampus,176,0,720,960,true,1af28071-5d7e-49b2-a56a-4fa0539862d3
a35ce7ef-6252-4605-ab54-6f307eecde73.jpg,Santa,0,0,297,396,true,a35ce7ef-6252-4605-ab54-6f307eecde73
a370cf05-ab45-443c-88fa-f9f9178482e5.jpg,Other,0,0,340,453,true,a370cf05-ab45-443c-88fa-f9f9178482e5
a5f1cf8f-3b12-4c07-a810-a15d1eb525bc.jpg,Krampus,0,5,1200,1600,true,a5f1cf8f-3b12-4c07-a810-a15d1eb525bc
199a3193-f8d6-4012-9296-9f696345a0c0.jpg,Other,89,0,1810,2413,true,199a3193-f8d6-4012-9296-9f696345a0c0
a86ed03d-03ab-4259-80c9-834841458ab5.jpg,Krampus,0,0,236,315,true,a86ed03d-03ab-4259-80c9-834841458ab5
a879e7b9-8073-41db-92bd-31a16a9e8aec.jpg,Santa,0,0,1280,1707,true,a879e7b9-8073-41db-92bd-31a16a9e8aec
a8da4457-ffec-4f8f-be81-7d19f0e0f84f.jpg,Krampus,0,0,1497,1996,true,a8da4457-ffec-4f8f-be81-7d19f0e0f84f
nah,Other,0,0,0,0,false,157e690a-a7e4-498c-8910-18721b345187
ae99459b-9f63-4153-b47d-260f9776f744.jpg,Santa,0,0,1350,1800,true,ae99459b-9f63-4153-b47d-260f9776f744
aed8135d-04f6-4e30-bbe3-1f129ace5183.jpg,Santa,299,49,487,649,true,aed8135d-04f6-4e30-bbe3-1f129ace5183
afb8bde4-32e1-4930-93bd-3fdf4507f4e5.jpg,Other,0,0,512,683,true,afb8bde4-32e1-4930-93bd-3fdf4507f4e5
nah,Other,0,0,0,0,false,1428d233-5d4e-49ba-8a22-2f1fdfff6365
b0cecac0-74d7-4488-b3d7-ce28227a83be.jpg,Santa,0,0,263,351,true,b0cecac0-74d7-4488-b3d7-ce28227a83be
b120f6c4-2d3b-48c0-a695-d6ec0447181f.jpg,Krampus,0,716,877,1169,true,b120f6c4-2d3b-48c0-a695-d6ec0447181f
nah,Other,0,0,0,0,false,b253f0eb-9007-44e2-8f8f-a8f4b5adef8d
132bf624-8a4d-45d1-971c-15f2fc2aeb49.jpg,Santa,0,0,675,900,true,132bf624-8a4d-45d1-971c-15f2fc2aeb49
nah,Other,0,0,0,0,false,b4053604-aa6a-43a1-9bfb-a34d4cfddca4
bd049f7a-0b05-4fbc-880c-19f2d2de19f1.jpg,Other,0,0,768,1024,true,bd049f7a-0b05-4fbc-880c-19f2d2de19f1
bea43334-8430-4bf2-8052-b348d1ecde27.jpg,Other,105,0,247,329,true,bea43334-8430-4bf2-8052-b348d1ecde27
1319167d-07d2-4c15-876f-53fb1a4a1d68.jpg,Krampus,0,120,400,533,true,1319167d-07d2-4c15-876f-53fb1a4a1d68
bee8048c-74b2-43be-8b70-62b2e8abf78c.jpg,Other,0,0,682,909,true,bee8048c-74b2-43be-8b70-62b2e8abf78c
c0a9982f-a4b4-4607-b028-bdcb3b5c7d34.jpg,Krampus,0,0,479,639,true,c0a9982f-a4b4-4607-b028-bdcb3b5c7d34
nah,Other,0,0,0,0,false,c204789d-4f9e-4ec1-984c-b0025ac89a38
nah,Other,0,0,0,0,false,1257bfb7-bc2f-49ca-b7b3-bf547f668528
c469e661-de72-424e-953b-b7b56b6bd8bc.jpg,Santa,50,0,380,507,true,c469e661-de72-424e-953b-b7b56b6bd8bc
c6cac1da-2840-4951-ae86-cda84568fd08.jpg,Santa,0,106,342,456,true,c6cac1da-2840-4951-ae86-cda84568fd08
c7d162d2-af5d-4349-96d5-c6ca058bde06.jpg,Other,974,0,769,1025,true,c7d162d2-af5d-4349-96d5-c6ca058bde06
12403aa6-fc08-437e-b42d-72a691ff2737.jpg,Santa,0,4,1800,2400,true,12403aa6-fc08-437e-b42d-72a691ff2737
c7faadcb-bbb7-4535-bad5-3711f636cfc0.jpg,Santa,380,0,360,480,true,c7faadcb-bbb7-4535-bad5-3711f636cfc0
c88c31f3-3a53-4afe-8495-9b4c320034da.jpg,Other,10,0,400,533,true,c88c31f3-3a53-4afe-8495-9b4c320034da
cb129c19-c115-4ef3-ac0c-37ebf6d3dbc3.jpg,Krampus,61,0,607,809,true,cb129c19-c115-4ef3-ac0c-37ebf6d3dbc3
11abff3c-c02c-4c08-b728-f727fc5be9ea.jpg,Santa,0,0,678,904,true,11abff3c-c02c-4c08-b728-f727fc5be9ea
cf0aff56-e719-44a3-b799-95b04bdcf910.jpg,Other,57,0,380,507,true,cf0aff56-e719-44a3-b799-95b04bdcf910
d0cf2a01-b473-4bd4-a4e5-16f61884978b.jpg,Other,120,0,541,721,true,d0cf2a01-b473-4bd4-a4e5-16f61884978b
d27f30eb-ba95-4809-87ab-5ab389992be2.jpg,Other,1504,345,2067,2756,true,d27f30eb-ba95-4809-87ab-5ab389992be2
10b13e85-b2e5-43b4-9f25-5df26d4931ce.jpg,Other,0,0,648,864,true,10b13e85-b2e5-43b4-9f25-5df26d4931ce
d3613960-8a16-422d-8fa7-3cedbb71c797.jpg,Other,18,0,600,800,true,d3613960-8a16-422d-8fa7-3cedbb71c797
d43d2fdf-1418-445b-bbfb-5d35f0393239.jpg,Other,0,0,640,853,true,d43d2fdf-1418-445b-bbfb-5d35f0393239
d5efde7e-7eb6-4564-a385-80533e5363d5.jpg,Other,562,0,3400,4533,true,d5efde7e-7eb6-4564-a385-80533e5363d5
10b0a19a-d2ed-4e54-b87f-61d488f18be2.jpg,Santa,0,145,563,750,true,10b0a19a-d2ed-4e54-b87f-61d488f18be2
d740daf3-add4-4c6f-8634-00f4b2a4e9e1.jpg,Krampus,0,218,1125,1500,true,d740daf3-add4-4c6f-8634-00f4b2a4e9e1
nah,Other,0,0,0,0,false,d7964d63-973f-4bf6-aaf3-69e8a5b83e41
d961b16f-6c4c-47b2-bf7e-2dbbdc69d576.jpg,Other,0,0,638,851,true,d961b16f-6c4c-47b2-bf7e-2dbbdc69d576
0d0a3ea7-36df-4eaa-b3e2-90a35bf0a363.jpg,Santa,0,0,277,369,true,0d0a3ea7-36df-4eaa-b3e2-90a35bf0a363
d9f696b8-7f68-4ff1-8247-da3300b6ca08.jpg,Santa,75,0,359,479,true,d9f696b8-7f68-4ff1-8247-da3300b6ca08
db79553c-e07f-47fd-83e2-59ffa8b14e03.jpg,Other,92,0,1400,1867,true,db79553c-e07f-47fd-83e2-59ffa8b14e03
dbd8c78f-ae22-4c14-8d80-45bd85527394.jpg,Santa,667,0,2160,2880,true,dbd8c78f-ae22-4c14-8d80-45bd85527394
0bcd478b-d399-4871-8cba-e995543a692f.jpg,Krampus,0,0,460,613,true,0bcd478b-d399-4871-8cba-e995543a692f
e1df4950-7db7-4321-8276-d1c5ef63682e.jpg,Other,107,588,257,343,true,e1df4950-7db7-4321-8276-d1c5ef63682e
nah,Other,0,0,0,0,false,e37acd7f-c302-4751-9a11-7a85635f6b9b
e41a355b-df50-470d-a8c8-2f568eaec081.jpg,Other,254,0,574,765,true,e41a355b-df50-470d-a8c8-2f568eaec081
088ec9bd-51e4-454f-9145-3081c3078298.jpg,Other,0,0,3456,4608,true,088ec9bd-51e4-454f-9145-3081c3078298
e42c5c09-3a51-4625-8eec-3ea8ae1e1404.jpg,Santa,19,0,427,569,true,e42c5c09-3a51-4625-8eec-3ea8ae1e1404
nah,Other,0,0,0,0,false,e59f4942-512d-4612-bf1a-b57498fa55d6
e87b2b9a-ef99-4d73-b9c5-5ee21833f80d.jpg,Other,76,40,372,496,true,e87b2b9a-ef99-4d73-b9c5-5ee21833f80d
07c25058-bbb3-4043-801d-5ba4aecb9840.jpg,Santa,41,0,253,337,true,07c25058-bbb3-4043-801d-5ba4aecb9840
nah,Other,0,0,0,0,false,ea2b94f7-2ad4-45b9-8476-f524e2a6263f
eb10a1a1-fc61-479b-a79a-c1d22685d152.jpg,Other,280,286,492,656,true,eb10a1a1-fc61-479b-a79a-c1d22685d152
f334b32c-61c1-40a6-a879-6e166e56ce2a.jpg,Santa,107,4,210,280,true,f334b32c-61c1-40a6-a879-6e166e56ce2a
06a7f66d-1f7e-45d2-a296-6fcc87960ba7.jpg,Other,867,0,520,693,true,06a7f66d-1f7e-45d2-a296-6fcc87960ba7
nah,Other,0,0,0,0,false,f5cd24a8-5430-46c1-9e0f-c5284c239154
nah,Other,0,0,0,0,false,f5d4d63f-c8af-4be9-ae6e-f5852e831908
f6450a73-2d60-4c96-b14f-56adb669d406.jpg,Krampus,153,0,347,463,true,f6450a73-2d60-4c96-b14f-56adb669d406
0620c409-f89e-4655-bd67-471d8a5db7fb.jpg,Krampus,193,0,540,720,true,0620c409-f89e-4655-bd67-471d8a5db7fb
f6b1bd4e-b54b-464b-9a1e-45cdcd4e20c3.jpg,Other,0,0,1080,1440,true,f6b1bd4e-b54b-464b-9a1e-45cdcd4e20c3
f8471dc6-b328-4dc9-b084-f74ea885e33d.jpg,Krampus,716,196,320,427,true,f8471dc6-b328-4dc9-b084-f74ea885e33d
fd463e58-1c38-4df9-b393-49d31afaebc7.jpg,Krampus,479,82,660,880,true,fd463e58-1c38-4df9-b393-49d31afaebc7
nah,Other,0,0,0,0,false,ffb57a8b-47a1-4503-818b-01eb0c585ee6
4040d228-fd43-4263-8ed3-e189bacceadb.jpg,Other,56,0,720,960,true,4040d228-fd43-4263-8ed3-e189bacceadb
4227104b-7ecc-41cc-9999-520b2c41146d.jpg,Other,0,0,360,480,true,4227104b-7ecc-41cc-9999-520b2c41146d
42a1ca2f-56dc-46ac-8119-440b1e4418b4.jpg,Other,0,0,297,396,true,42a1ca2f-56dc-46ac-8119-440b1e4418b4
3de4d492-907a-48af-a2e5-39b80dfd961b.jpg,Santa,189,57,153,204,true,3de4d492-907a-48af-a2e5-39b80dfd961b
4621bed2-0f8e-4c7f-8544-047256739628.jpg,Other,535,80,574,765,true,4621bed2-0f8e-4c7f-8544-047256739628
464939e0-515f-425c-9b5d-1bededb39538.jpg,Santa,501,251,1111,1481,true,464939e0-515f-425c-9b5d-1bededb39538
48968ec9-7d47-4e85-b5f0-c4dacf9d26aa.jpg,Santa,373,115,339,452,true,48968ec9-7d47-4e85-b5f0-c4dacf9d26aa
3c6385f2-4b25-44c1-b7d2-6a7ef6c3ea53.jpg,Other,333,0,500,667,true,3c6385f2-4b25-44c1-b7d2-6a7ef6c3ea53
4e9c0d15-72f7-4b6c-b2ba-3affa7a26aae.jpg,Santa,0,0,768,1024,true,4e9c0d15-72f7-4b6c-b2ba-3affa7a26aae
4f07f561-e633-40cd-908f-29d6a79c4a90.jpg,Krampus,138,240,480,640,true,4f07f561-e633-40cd-908f-29d6a79c4a90
506c6e50-8a4d-4a70-95c5-3fea1ab72a66.jpg,Santa,380,129,252,336,true,506c6e50-8a4d-4a70-95c5-3fea1ab72a66
3c0dea0f-495f-4b87-8484-783a7e0d45ad.jpg,Other,0,0,151,201,true,3c0dea0f-495f-4b87-8484-783a7e0d45ad
5186461c-defa-443c-8cad-761b3e871a25.jpg,Other,0,0,975,1300,true,5186461c-defa-443c-8cad-761b3e871a25
nah,Other,0,0,0,0,false,52732319-6af0-4e2b-9910-4a25180261e2
543af28a-e29b-42f4-9e5c-2ed88906ca16.jpg,Santa,0,319,1024,1365,true,543af28a-e29b-42f4-9e5c-2ed88906ca16
399541eb-335b-431e-a114-6d9d3617b0cd.jpg,Other,100,0,450,600,true,399541eb-335b-431e-a114-6d9d3617b0cd
5699630c-c8d1-4734-a15d-2cd492786f32.jpg,Santa,0,268,900,1200,true,5699630c-c8d1-4734-a15d-2cd492786f32
576eb12c-482c-4ec1-8162-769bd4b8865f.jpg,Krampus,0,0,2806,3741,true,576eb12c-482c-4ec1-8162-769bd4b8865f
5e391cb6-3161-43f6-9a6c-c710d7e1dbe8.jpg,Santa,230,46,231,308,true,5e391cb6-3161-43f6-9a6c-c710d7e1dbe8
nah,Other,0,0,0,0,false,35d9139d-8705-41f0-8caa-38833a0a318a
6132aca8-3479-42db-bceb-372197a9b948.jpg,Krampus,1995,1111,1408,1877,true,6132aca8-3479-42db-bceb-372197a9b948
6136d66c-475c-4cf5-9ceb-d9e0fe95afed.jpg,Santa,45,0,487,649,true,6136d66c-475c-4cf5-9ceb-d9e0fe95afed
620fa9c7-0395-414e-aa11-813e9074416c.jpg,Santa,489,69,339,452,true,620fa9c7-0395-414e-aa11-813e9074416c
35111a92-3fb6-44e9-ac42-7f8c6646169b.jpg,Krampus,143,0,349,465,true,35111a92-3fb6-44e9-ac42-7f8c6646169b
6b21dd71-c9d6-4676-bc39-3801466c9c34.jpg,Krampus,0,0,4000,5333,true,6b21dd71-c9d6-4676-bc39-3801466c9c34
nah,Other,0,0,0,0,false,73a8875c-53d9-4241-a32f-558d16a091ce
nah,Other,0,0,0,0,false,784eb3b4-fef8-4afa-ba4c-0d81664b717c
35035534-d435-4a19-a00b-c0a4c9ad9018.jpg,Santa,7,0,258,344,true,35035534-d435-4a19-a00b-c0a4c9ad9018
78b67c83-f938-4f3a-9d0d-17680e1b1cc0.jpg,Other,0,0,409,545,true,78b67c83-f938-4f3a-9d0d-17680e1b1cc0
792a38a1-6841-44b3-a018-2f1138b9f6c5.jpg,Krampus,0,0,449,599,true,792a38a1-6841-44b3-a018-2f1138b9f6c5
7969a3f5-e8f1-4f75-b56e-c94b125a85e5.jpg,Krampus,0,0,479,639,true,7969a3f5-e8f1-4f75-b56e-c94b125a85e5
31ba8a45-6b9e-475f-89eb-9ff6928d3a11.jpg,Krampus,159,0,720,960,true,31ba8a45-6b9e-475f-89eb-9ff6928d3a11
7a039365-5c23-4675-909c-09f872deb24c.jpg,Santa,81,232,382,509,true,7a039365-5c23-4675-909c-09f872deb24c
7aad4497-d728-4887-93d5-467775fd9f26.jpg,Santa,0,0,898,1197,true,7aad4497-d728-4887-93d5-467775fd9f26
7d2b1cff-5f71-4d26-924c-8b28c5102611.jpg,Santa,92,0,831,1108,true,7d2b1cff-5f71-4d26-924c-8b28c5102611
31849d2b-3fb5-455e-ad27-419a222cc831.jpg,Krampus,110,0,551,735,true,31849d2b-3fb5-455e-ad27-419a222cc831
7f385e7d-a381-4c92-ab96-6590f42ace3a.jpg,Krampus,190,131,369,492,true,7f385e7d-a381-4c92-ab96-6590f42ace3a
81befb1a-28b1-436e-ae53-a47ba6ac0549.jpg,Santa,219,0,844,1125,true,81befb1a-28b1-436e-ae53-a47ba6ac0549
81e47510-d8d4-4a8c-9f45-e7e8e23fed46.jpg,Other,0,0,563,750,true,81e47510-d8d4-4a8c-9f45-e7e8e23fed46
301f5699-573d-4fb1-b3c6-3998abc7f5a2.jpg,Santa,0,0,271,361,true,301f5699-573d-4fb1-b3c6-3998abc7f5a2
83288ec6-8775-41c0-8069-9bc2da49771e.jpg,Krampus,0,0,1280,1707,true,83288ec6-8775-41c0-8069-9bc2da49771e
840af990-32a8-4919-b837-82d06e8bfac4.jpg,Other,704,0,282,376,true,840af990-32a8-4919-b837-82d06e8bfac4
84981d92-8ad8-4f9c-acaa-bb3c4fe4ba42.jpg,Santa,0,73,420,560,true,84981d92-8ad8-4f9c-acaa-bb3c4fe4ba42
2f112b02-b68d-4ab1-8f37-a54c76fd6dc2.jpg,Krampus,114,41,192,256,true,2f112b02-b68d-4ab1-8f37-a54c76fd6dc2
84ff336c-01f1-4711-8128-9f9a39d97ee0.jpg,Santa,227,0,242,323,true,84ff336c-01f1-4711-8128-9f9a39d97ee0
86a56a25-4aa6-46df-8b41-6ab5d6ad8235.jpg,Krampus,0,0,1667,2223,true,86a56a25-4aa6-46df-8b41-6ab5d6ad8235
885bf5e3-73b5-49ce-b1c6-6e39e9c55324.jpg,Other,105,0,1249,1665,true,885bf5e3-73b5-49ce-b1c6-6e39e9c55324
2a124d45-17a4-454a-9577-17f7da5f96fe.jpg,Santa,0,0,330,440,true,2a124d45-17a4-454a-9577-17f7da5f96fe
8cb8ac3f-4dd9-4aa4-a9f5-ba7ef7f25dcf.jpg,Krampus,0,0,958,1277,true,8cb8ac3f-4dd9-4aa4-a9f5-ba7ef7f25dcf
8cbecc7f-28cf-40f5-ac0b-9cb3ad4920e4.jpg,Santa,5,0,893,1191,true,8cbecc7f-28cf-40f5-ac0b-9cb3ad4920e4
nah,Other,0,0,0,0,false,8d65b629-0664-4386-a5ed-3a9686d9901f
2837f7ea-c8df-4d58-bd18-63b331df421a.jpg,Santa,637,42,472,629,true,2837f7ea-c8df-4d58-bd18-63b331df421a
8dd34f49-b5eb-4289-b65b-7bab2a32bb51.jpg,Santa,133,0,513,684,true,8dd34f49-b5eb-4289-b65b-7bab2a32bb51
8dd681eb-0a8b-4d5c-9cef-3b75220fa442.jpg,Other,78,0,645,860,true,8dd681eb-0a8b-4d5c-9cef-3b75220fa442
8eff77d0-1623-4865-bfb8-b1f7ab80e419.jpg,Krampus,219,0,410,547,true,8eff77d0-1623-4865-bfb8-b1f7ab80e419
nah,Other,0,0,0,0,false,2477a28c-3cdd-4206-95e9-134771d2e106
8ff1b4c9-db65-4a52-b1cd-88e634c81629.jpg,Santa,76,0,1280,1707,true,8ff1b4c9-db65-4a52-b1cd-88e634c81629
90f17853-9f35-4c31-82f0-a6ad9ee0722a.jpg,Santa,199,121,554,738,true,90f17853-9f35-4c31-82f0-a6ad9ee0722a
925fe293-fa05-4f1e-908b-18852ffb2c29.jpg,Krampus,0,0,640,853,true,925fe293-fa05-4f1e-908b-18852ffb2c29
24417428-40d4-4beb-a5da-397913be636a.jpg,Other,0,0,751,1001,true,24417428-40d4-4beb-a5da-397913be636a
93c4bb8a-2798-478b-86e8-13de05091286.jpg,Other,0,0,2658,3544,true,93c4bb8a-2798-478b-86e8-13de05091286
96673e6a-06d8-4dae-a2c6-ef9e558b427c.jpg,Other,0,0,512,683,true,96673e6a-06d8-4dae-a2c6-ef9e558b427c
995cfa60-907f-4f83-b2e7-980cb437f337.jpg,Other,360,0,630,840,true,995cfa60-907f-4f83-b2e7-980cb437f337
20e69b20-8c89-4314-9803-eb9fa0b64d8c.jpg,Krampus,86,72,492,656,true,20e69b20-8c89-4314-9803-eb9fa0b64d8c
9a0c9721-4614-49fa-91bc-b9c118141a0f.jpg,Krampus,0,0,426,568,true,9a0c9721-4614-49fa-91bc-b9c118141a0f
9a23d509-2847-4c45-b470-633f7701493d.jpg,Other,0,90,962,1283,true,9a23d509-2847-4c45-b470-633f7701493d
9b6ddc6e-f5f0-4682-9b60-dd907248a9d8.jpg,Other,362,0,628,837,true,9b6ddc6e-f5f0-4682-9b60-dd907248a9d8
20186aed-5b7b-4b9a-b799-66d118a1d9a1.jpg,Other,1035,0,1316,1755,true,20186aed-5b7b-4b9a-b799-66d118a1d9a1
9c80bf1d-d250-49fb-8314-6ea8035d5c06.jpg,Santa,110,0,667,889,true,9c80bf1d-d250-49fb-8314-6ea8035d5c06
9ee08399-e8bf-443e-960c-3ee444966135.jpg,Krampus,0,0,597,796,true,9ee08399-e8bf-443e-960c-3ee444966135
9f2a05cc-cb88-43a4-9aca-8181e754dd62.jpg,Krampus,91,0,433,577,true,9f2a05cc-cb88-43a4-9aca-8181e754dd62
18f8bfe9-6e9f-49b8-b244-20471808fc6f.jpg,Other,0,21,336,448,true,18f8bfe9-6e9f-49b8-b244-20471808fc6f
9f3e511f-6499-42ab-b893-f9e91d12bb57.jpg,Krampus,39,0,720,960,true,9f3e511f-6499-42ab-b893-f9e91d12bb57
a0d3a732-9f3f-47ff-ad37-54b35d85de49.jpg,Other,0,0,677,903,true,a0d3a732-9f3f-47ff-ad37-54b35d85de49
a1fd4fb9-a9a9-4878-8c5d-f5a92bf21121.jpg,Other,0,389,1514,2018,true,a1fd4fb9-a9a9-4878-8c5d-f5a92bf21121
166491af-16f6-463f-95ad-15cae56d8b3c.jpg,Other,522,0,1630,2173,true,166491af-16f6-463f-95ad-15cae56d8b3c
a486373c-d6bf-4c6d-a0d5-e6dc99960369.jpg,Santa,757,118,1184,1579,true,a486373c-d6bf-4c6d-a0d5-e6dc99960369
a5a5a6d9-549e-4006-a140-f15f3873749a.jpg,Krampus,107,84,400,533,true,a5a5a6d9-549e-4006-a140-f15f3873749a
a6ad5527-f65e-4cf8-8b95-f20ff51ae692.jpg,Other,5,0,1075,1433,true,a6ad5527-f65e-4cf8-8b95-f20ff51ae692
1383dc44-f240-4ff3-974d-c1dcf58eb60a.jpg,Krampus,78,0,375,500,true,1383dc44-f240-4ff3-974d-c1dcf58eb60a
a7182742-6eb2-4329-b20b-a1e690c8ed1f.jpg,Santa,44,0,1080,1440,true,a7182742-6eb2-4329-b20b-a1e690c8ed1f
a7ffa086-45c6-4d91-854a-5141cc9039b7.jpg,Other,0,0,540,720,true,a7ffa086-45c6-4d91-854a-5141cc9039b7
a83ea640-506b-4734-b9ec-1e0e9ac72631.jpg,Other,0,0,542,723,true,a83ea640-506b-4734-b9ec-1e0e9ac72631
nah,Other,0,0,0,0,false,1282277d-026e-4a44-b17f-5df71784dead
a8c099a9-09f5-44fd-a418-3f50f0c86cd7.jpg,Krampus,128,0,650,867,true,a8c099a9-09f5-44fd-a418-3f50f0c86cd7
aa145e72-274b-49cf-bf73-96b6bb10ef2d.jpg,Other,7,0,360,480,true,aa145e72-274b-49cf-bf73-96b6bb10ef2d
aaf2a516-1b4d-4545-9d96-04386e4b3ef4.jpg,Krampus,90,0,1080,1440,true,aaf2a516-1b4d-4545-9d96-04386e4b3ef4
107a061a-502c-4caa-94c9-5ddae8dfbe15.jpg,Other,0,144,960,1280,true,107a061a-502c-4caa-94c9-5ddae8dfbe15
ab016476-afa0-4d4a-a077-843ee0e81251.jpg,Santa,0,186,384,512,true,ab016476-afa0-4d4a-a077-843ee0e81251
ac40ff1c-0efc-4325-8c2a-aefa1cff213e.jpg,Krampus,513,147,1103,1471,true,ac40ff1c-0efc-4325-8c2a-aefa1cff213e
acc56408-5eae-4bf3-ad53-04758138d4d6.jpg,Other,0,0,534,712,true,acc56408-5eae-4bf3-ad53-04758138d4d6
0f8451b8-3451-4f64-a8cf-91dafba171ca.jpg,Santa,77,0,494,659,true,0f8451b8-3451-4f64-a8cf-91dafba171ca
nah,Other,0,0,0,0,false,aeadaf05-632d-4d0c-9a06-3c6cf7efd9db
aeb368d4-a10a-48a1-a496-305cc6dfb236.jpg,Krampus,183,0,3648,4864,true,aeb368d4-a10a-48a1-a496-305cc6dfb236
b111011a-8d4d-4ded-8a81-a34958a5ce67.jpg,Other,1458,44,422,563,true,b111011a-8d4d-4ded-8a81-a34958a5ce67
0e78f09f-e3cb-4144-8ebf-a642f09d5eae.jpg,Other,0,33,197,263,true,0e78f09f-e3cb-4144-8ebf-a642f09d5eae
b435c823-2929-4694-b31f-944d2b371c60.jpg,Other,0,311,2448,3264,true,b435c823-2929-4694-b31f-944d2b371c60
b6c59128-2abe-43e2-a679-6e9dcf3c28c6.jpg,Other,83,0,646,861,true,b6c59128-2abe-43e2-a679-6e9dcf3c28c6
b9348378-bd85-4653-96fe-9da705028ed3.jpg,Other,0,15,1440,1920,true,b9348378-bd85-4653-96fe-9da705028ed3
0d2a4654-650e-4c94-8b89-408efb27fb21.jpg,Krampus,89,0,413,551,true,0d2a4654-650e-4c94-8b89-408efb27fb21
ba025731-991d-4b3c-8c46-6b2bf143a796.jpg,Santa,0,0,433,577,true,ba025731-991d-4b3c-8c46-6b2bf143a796
bded2fff-f2ca-4709-aa3f-7f0726e97f4a.jpg,Krampus,0,0,406,541,true,bded2fff-f2ca-4709-aa3f-7f0726e97f4a
c117bcaa-8c07-4ec8-9777-dbdb49c45bbe.jpg,Krampus,385,164,492,656,true,c117bcaa-8c07-4ec8-9777-dbdb49c45bbe
0ac5b97f-e771-4e68-a8c7-3f8a9e9a028a.jpg,Krampus,0,0,534,712,true,0ac5b97f-e771-4e68-a8c7-3f8a9e9a028a
c40f7c0d-3853-435c-b625-67ba40d3552b.jpg,Other,0,0,440,587,true,c40f7c0d-3853-435c-b625-67ba40d3552b
cad9d6bf-6b6a-443b-a1d1-5f29e47e8f84.jpg,Santa,52,0,632,843,true,cad9d6bf-6b6a-443b-a1d1-5f29e47e8f84
cb02b0ea-02ad-45d3-b254-9cdf95e4cd68.jpg,Santa,0,65,350,467,true,cb02b0ea-02ad-45d3-b254-9cdf95e4cd68
0a0f6743-d14a-473c-bff4-08ded64bd766.jpg,Santa,76,0,463,617,true,0a0f6743-d14a-473c-bff4-08ded64bd766
cc4881b5-efa0-43c3-80da-936212aea789.jpg,Krampus,0,121,725,967,true,cc4881b5-efa0-43c3-80da-936212aea789
ccb6ec2b-53ad-4939-92c4-fafc67cc4b3e.jpg,Santa,55,0,458,611,true,ccb6ec2b-53ad-4939-92c4-fafc67cc4b3e
ce37fe98-450c-439c-a0eb-5328305157d2.jpg,Other,360,0,630,840,true,ce37fe98-450c-439c-a0eb-5328305157d2
076be69d-c224-4b6e-b6f6-c453d3aee14a.jpg,Krampus,0,545,1025,1366,true,076be69d-c224-4b6e-b6f6-c453d3aee14a
d1a966d2-8cd2-4513-9377-ce449298e11c.jpg,Krampus,0,1,449,599,true,d1a966d2-8cd2-4513-9377-ce449298e11c
nah,Other,0,0,0,0,false,d2d6dc50-db2f-406a-8bb1-c362fc86e5a5
d410ec05-14bc-4e88-9aa1-49560f5d44e2.jpg,Other,0,71,306,408,true,d410ec05-14bc-4e88-9aa1-49560f5d44e2
0710c19f-cdf4-4010-b6e0-42e97179cd9d.jpg,Krampus,0,0,675,900,true,0710c19f-cdf4-4010-b6e0-42e97179cd9d
db025941-242d-4f7d-91f3-bb27c8265508.jpg,Krampus,0,14,356,475,true,db025941-242d-4f7d-91f3-bb27c8265508
dc1fc1f7-15c6-4b4a-a315-4c7842081dea.jpg,Other,974,0,444,592,true,dc1fc1f7-15c6-4b4a-a315-4c7842081dea
dc7bebeb-58d2-4266-92ce-be47684a680c.jpg,Santa,0,167,375,500,true,dc7bebeb-58d2-4266-92ce-be47684a680c
0702ca80-f8b1-4c60-9372-964ab9ee8a50.jpg,Other,0,0,810,1080,true,0702ca80-f8b1-4c60-9372-964ab9ee8a50
dd06b6ad-d1bf-4079-8cf5-40f6ef6ec0f9.jpg,Santa,175,0,1320,1760,true,dd06b6ad-d1bf-4079-8cf5-40f6ef6ec0f9
nah,Other,0,0,0,0,false,e0dce33a-5a9c-47c0-945c-2b38fed4d237
e18c77f1-cd59-43a5-9640-4f6677b0f074.jpg,Santa,348,152,297,396,true,e18c77f1-cd59-43a5-9640-4f6677b0f074
03db04d1-12e2-4438-a683-36c0801ab9a4.jpg,Other,0,0,2246,2995,true,03db04d1-12e2-4438-a683-36c0801ab9a4
nah,Other,0,0,0,0,false,e377da5c-81c6-43bf-bdde-1592fd0c0bed
e3a03f0e-6be7-4222-a073-526b82aa44e2.jpg,Krampus,318,119,356,475,true,e3a03f0e-6be7-4222-a073-526b82aa44e2
e613ab04-4eae-44c0-b0fb-62da92696f67.jpg,Santa,0,0,412,549,true,e613ab04-4eae-44c0-b0fb-62da92696f67
037d2426-6011-43d2-a85b-a8ed33c6edd6.jpg,Santa,193,0,450,600,true,037d2426-6011-43d2-a85b-a8ed33c6edd6
e79dba60-2561-4d31-ba99-b6456f03218b.jpg,Krampus,80,656,1500,2000,true,e79dba60-2561-4d31-ba99-b6456f03218b
e847e11a-b344-4ff7-bd20-d1a22ac07417.jpg,Santa,0,19,312,416,true,e847e11a-b344-4ff7-bd20-d1a22ac07417
e89b1b59-23dd-4ca1-848e-287913df87ef.jpg,Krampus,0,46,338,450,true,e89b1b59-23dd-4ca1-848e-287913df87ef
033dee70-acfe-4989-bff3-ada233234674.jpg,Santa,67,0,495,660,true,033dee70-acfe-4989-bff3-ada233234674
e97a2c4b-bc93-41fe-9c7c-6e2b44086d96.jpg,Santa,0,737,2592,3456,true,e97a2c4b-bc93-41fe-9c7c-6e2b44086d96
ec5e7b38-0892-4ad5-bf16-5ba6a51d3cfe.jpg,Santa,1020,12,768,1024,true,ec5e7b38-0892-4ad5-bf16-5ba6a51d3cfe
ecef3d37-38c8-4b6f-95c9-0568b6947fdc.jpg,Santa,9,0,600,800,true,ecef3d37-38c8-4b6f-95c9-0568b6947fdc
nah,Other,0,0,0,0,false,01d6d71d-ae84-47f4-aa08-a93f9062272b
ed35349a-c438-4393-b07f-b242f11152b6.jpg,Santa,396,0,528,704,true,ed35349a-c438-4393-b07f-b242f11152b6
ef838a74-311c-4155-bf83-1c4ce3befbdc.jpg,Krampus,372,520,593,791,true,ef838a74-311c-4155-bf83-1c4ce3befbdc
f01226a6-75ac-41f9-847f-2cc3946f50c5.jpg,Other,0,81,488,650,true,f01226a6-75ac-41f9-847f-2cc3946f50c5
0132fff1-d7b0-497a-a75d-b60d84c31890.jpg,Krampus,158,221,492,656,true,0132fff1-d7b0-497a-a75d-b60d84c31890
f0c6ed5b-e7b7-4e39-8dd5-0429df98483e.jpg,Other,0,80,326,434,true,f0c6ed5b-e7b7-4e39-8dd5-0429df98483e
f240a523-a9ae-4415-a9d3-b1eee799644e.jpg,Other,644,19,298,397,true,f240a523-a9ae-4415-a9d3-b1eee799644e
f79044c2-5c7b-4655-ac08-bff0fb73e05c.jpg,Krampus,0,0,356,475,true,f79044c2-5c7b-4655-ac08-bff0fb73e05c
nah,Other,0,0,0,0,false,0049bb84-516d-4cbd-a829-80d9ecd9a4af
f7c82735-fdcb-48f5-8384-cee989cf8b06.jpg,Other,164,0,372,496,true,f7c82735-fdcb-48f5-8384-cee989cf8b06
f86f9c42-e940-4732-b36a-2e662c7d9ac3.jpg,Other,647,0,369,492,true,f86f9c42-e940-4732-b36a-2e662c7d9ac3
ff7a79d8-180f-4e8b-a284-6dd98e79edfc.jpg,Santa,43,0,367,489,true,ff7a79d8-180f-4e8b-a284-6dd98e79edfc
ffc8bec3-704e-46d6-8514-1ee626810e44.jpg,Santa,0,0,4397,5863,true,ffc8bec3-704e-46d6-8514-1ee626810e44
nah,Other,0,0,0,0,false,434095f1-a484-4812-8927-68569e833597
45b9b6fd-98fe-46c7-9620-5fae7e62e6ec.jpg,Other,0,11,225,300,true,45b9b6fd-98fe-46c7-9620-5fae7e62e6ec
41db94f4-9ccd-4051-ac5b-5150ee765de9.jpg,Other,411,167,687,916,true,41db94f4-9ccd-4051-ac5b-5150ee765de9
47100dae-d874-4e8b-b922-01c1730f3a86.jpg,Santa,0,18,307,409,true,47100dae-d874-4e8b-b922-01c1730f3a86
nah,Other,0,0,0,0,false,471baa80-7c06-4d6a-9255-d0a350751947
47fa19e7-a5f5-4b90-95a0-a7691ce21e66.jpg,Other,2730,0,952,1269,true,47fa19e7-a5f5-4b90-95a0-a7691ce21e66
3d444d76-29ec-4e17-a201-6e91ad29cd6c.jpg,Santa,0,0,1026,1368,true,3d444d76-29ec-4e17-a201-6e91ad29cd6c
48e4143a-23f2-4a4a-9624-e35d948e884c.jpg,Krampus,0,26,211,281,true,48e4143a-23f2-4a4a-9624-e35d948e884c
4a450c9b-fcb8-45de-ac11-c8a616f1ada0.jpg,Other,229,54,965,1287,true,4a450c9b-fcb8-45de-ac11-c8a616f1ada0
4b797e41-ad1c-49b0-95eb-510912c8000a.jpg,Other,0,0,650,866,true,4b797e41-ad1c-49b0-95eb-510912c8000a
3d012a56-ae10-4e28-a68c-89ee9bd27b2c.jpg,Santa,38,42,320,427,true,3d012a56-ae10-4e28-a68c-89ee9bd27b2c
4b9158b6-2699-41fc-9e97-1ebfaab94aee.jpg,Krampus,0,33,512,683,true,4b9158b6-2699-41fc-9e97-1ebfaab94aee
4cac77c6-4d6f-42a4-967a-dc38498f9623.jpg,Santa,7,14,371,495,true,4cac77c6-4d6f-42a4-967a-dc38498f9623
4d0bafc8-b86c-46a5-b9da-12cd198f8143.jpg,Krampus,843,0,800,1067,true,4d0bafc8-b86c-46a5-b9da-12cd198f8143
3c79ead2-6049-4d65-a748-cdd970cbe596.jpg,Santa,0,0,414,552,true,3c79ead2-6049-4d65-a748-cdd970cbe596
4de4217f-e9ab-4b4b-ac87-54b48ee5fad7.jpg,Krampus,59,0,352,469,true,4de4217f-e9ab-4b4b-ac87-54b48ee5fad7
nah,Other,0,0,0,0,false,4f04ffc5-d344-4c7d-9afe-5c9df74426c5
50024fa2-7fc8-40a9-8f6c-77972c6b36d6.jpg,Other,0,13,177,236,true,50024fa2-7fc8-40a9-8f6c-77972c6b36d6
39a7b4a5-64ee-4586-9aee-378ab4c9cf25.jpg,Other,0,71,1768,2357,true,39a7b4a5-64ee-4586-9aee-378ab4c9cf25
51c158f2-a1b0-47ee-a7cf-6ec103576814.jpg,Other,0,155,1278,1704,true,51c158f2-a1b0-47ee-a7cf-6ec103576814
5264393b-2877-489e-93df-bef319d34c29.jpg,Santa,34,0,409,545,true,5264393b-2877-489e-93df-bef319d34c29
526bcacb-5d54-4942-9e5a-eea99392f04e.jpg,Other,0,22,225,300,true,526bcacb-5d54-4942-9e5a-eea99392f04e
39592891-469e-45a8-952d-40a375e64f64.jpg,Krampus,0,0,514,685,true,39592891-469e-45a8-952d-40a375e64f64
539735e2-9b51-40a9-b301-f1355ae1fc80.jpg,Krampus,21,0,189,252,true,539735e2-9b51-40a9-b301-f1355ae1fc80
55cca877-e103-41aa-bb03-9662fb75daf3.jpg,Krampus,0,219,512,683,true,55cca877-e103-41aa-bb03-9662fb75daf3
5605ba79-75a3-43b0-a958-fbecd654df54.jpg,Krampus,0,0,400,533,true,5605ba79-75a3-43b0-a958-fbecd654df54
38d8a855-ef96-4d08-8b65-5eb4b03512ee.jpg,Krampus,0,0,527,703,true,38d8a855-ef96-4d08-8b65-5eb4b03512ee
5895d1ef-643e-4bdc-94f3-c98e92d27d3a.jpg,Other,0,43,176,235,true,5895d1ef-643e-4bdc-94f3-c98e92d27d3a
58ef5e28-fd88-4d9b-89d5-88b3c0c422f9.jpg,Krampus,0,0,506,675,true,58ef5e28-fd88-4d9b-89d5-88b3c0c422f9
59483d89-febc-44ef-8127-36a69ace7dd6.jpg,Other,0,9,335,446,true,59483d89-febc-44ef-8127-36a69ace7dd6
386f04c7-7c25-4b6e-a9dd-66ea62148fa6.jpg,Santa,461,0,554,739,true,386f04c7-7c25-4b6e-a9dd-66ea62148fa6
5a71cffd-37db-4e36-a795-75265235516c.jpg,Krampus,0,0,525,700,true,5a71cffd-37db-4e36-a795-75265235516c
5a839fbe-99d3-441f-995b-c9b58e26563f.jpg,Santa,0,0,750,1000,true,5a839fbe-99d3-441f-995b-c9b58e26563f
5ab737e3-a48d-45e1-ba29-851bf97dbf6d.jpg,Krampus,0,96,424,565,true,5ab737e3-a48d-45e1-ba29-851bf97dbf6d
3791a9fb-25c3-4d1a-b9a4-1d4b0360d369.jpg,Santa,0,0,437,582,true,3791a9fb-25c3-4d1a-b9a4-1d4b0360d369
5dbd5b5d-2d14-48f7-b89b-12a7de48ed84.jpg,Krampus,0,0,1440,1920,true,5dbd5b5d-2d14-48f7-b89b-12a7de48ed84
5e420b52-074d-42ce-ab47-f01cd83deab8.jpg,Krampus,0,232,900,1200,true,5e420b52-074d-42ce-ab47-f01cd83deab8
603fe4e5-888b-41e0-be46-4e002193990f.jpg,Santa,0,205,1050,1400,true,603fe4e5-888b-41e0-be46-4e002193990f
3717316e-6c32-455c-8b7b-63108f484503.jpg,Other,0,0,750,1000,true,3717316e-6c32-455c-8b7b-63108f484503
62dc00bd-91d6-42ba-9226-2b823fb8e7e5.jpg,Krampus,0,0,352,469,true,62dc00bd-91d6-42ba-9226-2b823fb8e7e5
6376bec7-7fab-4e09-8436-1e926beebc18.jpg,Other,0,0,413,550,true,6376bec7-7fab-4e09-8436-1e926beebc18
63ac6208-73c0-4e97-bcb9-6690c830b684.jpg,Santa,0,140,900,1200,true,63ac6208-73c0-4e97-bcb9-6690c830b684
3708a6b6-6203-4ecd-b952-f39b3a8fa2ca.jpg,Krampus,824,0,357,476,true,3708a6b6-6203-4ecd-b952-f39b3a8fa2ca
63cc999d-349d-4b74-8430-0d0ea0af289d.jpg,Krampus,0,178,356,475,true,63cc999d-349d-4b74-8430-0d0ea0af289d
64feadcd-d021-44eb-a6a5-676418478dd2.jpg,Santa,0,197,2612,3482,true,64feadcd-d021-44eb-a6a5-676418478dd2
nah,Other,0,0,0,0,false,65a71df8-da46-4a2b-bda5-e0b36fdb9386
3531bd44-b685-42ef-98e2-0cc747fb64fc.jpg,Other,78,0,549,732,true,3531bd44-b685-42ef-98e2-0cc747fb64fc
65f955a6-02fc-4820-a1ef-50c067bd5546.jpg,Other,0,0,406,541,true,65f955a6-02fc-4820-a1ef-50c067bd5546
668b9d39-289f-466a-a360-5f0153915f4d.jpg,Santa,0,0,600,800,true,668b9d39-289f-466a-a360-5f0153915f4d
677484c8-126e-4107-8b04-c1f99fc50fc9.jpg,Other,0,116,512,683,true,677484c8-126e-4107-8b04-c1f99fc50fc9
34eb9ac7-2e29-45bc-855f-a06f6fdbb158.jpg,Krampus,0,0,836,1115,true,34eb9ac7-2e29-45bc-855f-a06f6fdbb158
68697daa-c199-4a08-b5f2-6657766c64ad.jpg,Other,174,121,102,136,true,68697daa-c199-4a08-b5f2-6657766c64ad
686b9e98-c6e4-42eb-97ef-1deb708d1824.jpg,Santa,0,0,483,644,true,686b9e98-c6e4-42eb-97ef-1deb708d1824
6905f7bd-b85c-43e4-83d2-3faa5814beb5.jpg,Other,161,247,770,1027,true,6905f7bd-b85c-43e4-83d2-3faa5814beb5
nah,Other,0,0,0,0,false,31cd70b5-76fc-42c5-ac43-88905a982a67
6b020958-893e-4dfc-a289-1c43d9ccc2f0.jpg,Krampus,2629,745,1992,2656,true,6b020958-893e-4dfc-a289-1c43d9ccc2f0
6bb904ad-7c31-4ac4-ae51-d1aa98b416ad.jpg,Other,0,0,177,236,true,6bb904ad-7c31-4ac4-ae51-d1aa98b416ad
6bd6d25d-7076-455e-bf36-4aecb7f756ed.jpg,Other,0,4,246,328,true,6bd6d25d-7076-455e-bf36-4aecb7f756ed
315093b7-bf8e-4d37-a330-1afb6a31bddc.jpg,Krampus,372,0,433,577,true,315093b7-bf8e-4d37-a330-1afb6a31bddc
6becea31-86ad-49c6-a4fc-b0778c8ddba7.jpg,Other,0,0,338,450,true,6becea31-86ad-49c6-a4fc-b0778c8ddba7
6c83c1d1-1bc7-48cf-ac6d-33f98a26101f.jpg,Other,119,0,797,1063,true,6c83c1d1-1bc7-48cf-ac6d-33f98a26101f
6cea4230-623e-413e-b4b6-29e73020bd3e.jpg,Santa,539,0,760,1013,true,6cea4230-623e-413e-b4b6-29e73020bd3e
30303aaf-1489-4e7a-b14a-c97285b7c07b.jpg,Krampus,82,0,900,1200,true,30303aaf-1489-4e7a-b14a-c97285b7c07b
6cf57d0d-c37c-44c7-8efe-32f4df324f60.jpg,Other,0,178,512,683,true,6cf57d0d-c37c-44c7-8efe-32f4df324f60
6d1e3567-ee25-4f0d-8df6-8bf6ab88309d.jpg,Santa,0,0,682,909,true,6d1e3567-ee25-4f0d-8df6-8bf6ab88309d
6f9d0866-4b8c-478c-aaae-e886ddbbdf91.jpg,Santa,815,86,889,1185,true,6f9d0866-4b8c-478c-aaae-e886ddbbdf91
nah,Other,0,0,0,0,false,2e60db88-e046-4a77-ae0a-c83e3c1bf1e1
6fe0d5f0-bd7b-41ee-a26f-063b54243177.jpg,Other,56,0,339,452,true,6fe0d5f0-bd7b-41ee-a26f-063b54243177
70ba8eab-baba-46b8-8dc7-ddc9c4f0ee46.jpg,Other,0,72,375,500,true,70ba8eab-baba-46b8-8dc7-ddc9c4f0ee46
7104bea0-1852-4aa9-bfe9-84fd643c7ad7.jpg,Krampus,74,6,162,216,true,7104bea0-1852-4aa9-bfe9-84fd643c7ad7
2d6cbaca-b8b2-4074-acb6-5198c71e6ace.jpg,Other,0,0,530,706,true,2d6cbaca-b8b2-4074-acb6-5198c71e6ace
71f4c512-1e31-47c8-aec4-13e9a35654a0.jpg,Krampus,100,0,600,800,true,71f4c512-1e31-47c8-aec4-13e9a35654a0
72d89747-92a6-48e4-9a64-73595fd41b6a.jpg,Other,0,0,650,867,true,72d89747-92a6-48e4-9a64-73595fd41b6a
nah,Other,0,0,0,0,false,7390f6ca-5630-4cea-89fd-5fd8e7657621
2d370e7d-29b0-4c0a-837f-d562b79d7cd2.jpg,Other,0,0,525,700,true,2d370e7d-29b0-4c0a-837f-d562b79d7cd2
73ff0dde-bce0-4fe0-adbb-ca6c0dd6d345.jpg,Krampus,100,0,600,800,true,73ff0dde-bce0-4fe0-adbb-ca6c0dd6d345
74a87c8a-f5fe-47f6-b6d0-2d87cd6efb98.jpg,Krampus,198,0,444,592,true,74a87c8a-f5fe-47f6-b6d0-2d87cd6efb98
nah,Other,0,0,0,0,false,7544c107-1719-406a-b938-0a1db46476a0
2c8ab648-a58d-4a8f-9ffd-f03d61dd2549.jpg,Santa,0,91,1437,1916,true,2c8ab648-a58d-4a8f-9ffd-f03d61dd2549
759ecf29-776e-42d5-a7e7-1f483580a56e.jpg,Other,0,38,512,682,true,759ecf29-776e-42d5-a7e7-1f483580a56e
76e5e301-7d08-4fd6-800b-3c205841591b.jpg,Krampus,75,0,435,580,true,76e5e301-7d08-4fd6-800b-3c205841591b
77702cb1-061c-42c0-94f1-0e93e6c51967.jpg,Krampus,0,0,540,720,true,77702cb1-061c-42c0-94f1-0e93e6c51967
nah,Other,0,0,0,0,false,2bc8b5a3-d85a-4407-a81c-3d2932952b41
78ae6339-805a-4b7e-ab43-26aa115c165a.jpg,Santa,0,0,1800,2400,true,78ae6339-805a-4b7e-ab43-26aa115c165a
7a0341e0-c344-4b63-b9db-260fbc3bda8e.jpg,Other,0,55,709,945,true,7a0341e0-c344-4b63-b9db-260fbc3bda8e
7acc8bb6-9c88-4a6d-ab46-7f0688733125.jpg,Other,0,51,650,867,true,7acc8bb6-9c88-4a6d-ab46-7f0688733125
2b43dc7d-92a4-4799-9cb3-85614d4f8e58.jpg,Krampus,55,0,720,960,true,2b43dc7d-92a4-4799-9cb3-85614d4f8e58
7bd29af3-2de4-4587-91e4-72f58c4b2571.jpg,Krampus,196,0,630,840,true,7bd29af3-2de4-4587-91e4-72f58c4b2571
7c15a700-749e-4fb0-9ced-b0eaa230660e.jpg,Santa,328,0,1701,2268,true,7c15a700-749e-4fb0-9ced-b0eaa230660e
7d5597c2-d420-493e-a403-8bbf1249aa2a.jpg,Krampus,72,29,237,316,true,7d5597c2-d420-493e-a403-8bbf1249aa2a
281eb982-4369-4f23-a1ab-130bf53d34d2.jpg,Other,77,61,280,373,true,281eb982-4369-4f23-a1ab-130bf53d34d2
nah,Other,0,0,0,0,false,7df93b95-7d51-4571-bdb1-60c95e8252c0
7e32f144-d679-447e-9a54-54f2b912d24b.jpg,Other,0,203,863,1150,true,7e32f144-d679-447e-9a54-54f2b912d24b
7e3397af-eaf2-4647-abac-eb1fb8ceca5c.jpg,Santa,0,0,1800,2400,true,7e3397af-eaf2-4647-abac-eb1fb8ceca5c
nah,Other,0,0,0,0,false,27b1c461-4f65-441a-9755-04c590c66c02
816ceb05-9b99-42d9-85bc-f0a982695a92.jpg,Other,0,106,512,683,true,816ceb05-9b99-42d9-85bc-f0a982695a92
820f3db7-32bd-434d-9def-7f088b367473.jpg,Krampus,168,0,998,1331,true,820f3db7-32bd-434d-9def-7f088b367473
84590be3-6f39-4c00-8f7c-b90e66838a13.jpg,Santa,456,155,738,984,true,84590be3-6f39-4c00-8f7c-b90e66838a13
26eab90a-8840-4ad4-96b4-b1c271b5892b.jpg,Krampus,616,0,500,667,true,26eab90a-8840-4ad4-96b4-b1c271b5892b
84f12925-163f-4e60-8490-aab804e263a5.jpg,Other,0,58,480,640,true,84f12925-163f-4e60-8490-aab804e263a5
8535a063-5eb6-4562-bb36-164441b122a0.jpg,Other,87,0,683,911,true,8535a063-5eb6-4562-bb36-164441b122a0
nah,Other,0,0,0,0,false,86513292-3b21-4430-9445-c0c751d83a9b
865de615-473b-4c92-9904-0e8395f6aca5.jpg,Krampus,123,0,563,751,true,865de615-473b-4c92-9904-0e8395f6aca5
nah,Other,0,0,0,0,false,26cec7d3-3684-4cb4-887e-1a6d102b7138
86a66884-3aaa-41fc-bb53-722258816c0a.jpg,Santa,0,362,987,1316,true,86a66884-3aaa-41fc-bb53-722258816c0a
86edbe73-664d-4371-9fbe-dee0508c8e90.jpg,Santa,333,58,500,667,true,86edbe73-664d-4371-9fbe-dee0508c8e90
8758f9e8-50d7-4334-ab14-795f39706914.jpg,Other,254,0,1080,1440,true,8758f9e8-50d7-4334-ab14-795f39706914
2697e27f-545c-4726-a6d8-1895f0fa32a7.jpg,Krampus,99,0,720,960,true,2697e27f-545c-4726-a6d8-1895f0fa32a7
88a4b95e-08eb-487a-add3-bedc02d29f9d.jpg,Krampus,193,0,800,1067,true,88a4b95e-08eb-487a-add3-bedc02d29f9d
895bfee0-d39a-47fe-aa2e-3364a86a1da2.jpg,Other,60,0,347,463,true,895bfee0-d39a-47fe-aa2e-3364a86a1da2
898beb88-a34e-4f9f-af4e-790f74013712.jpg,Krampus,0,48,450,600,true,898beb88-a34e-4f9f-af4e-790f74013712
24f4fd97-afae-43ad-abeb-5df869364884.jpg,Krampus,0,273,1050,1400,true,24f4fd97-afae-43ad-abeb-5df869364884
8a217f0c-fb41-4af3-9e8b-13b91a4af13c.jpg,Other,0,33,334,445,true,8a217f0c-fb41-4af3-9e8b-13b91a4af13c
8a3b795d-21ad-483d-b671-334c0a19a5f7.jpg,Other,0,98,251,334,true,8a3b795d-21ad-483d-b671-334c0a19a5f7
8a5eb82b-28b4-4a43-9313-71bb370eeda7.jpg,Santa,0,1,1500,2000,true,8a5eb82b-28b4-4a43-9313-71bb370eeda7
24f3869a-4a7a-4034-b360-5597c85cb923.jpg,Santa,472,0,877,1169,true,24f3869a-4a7a-4034-b360-5597c85cb923
8bb522b8-11c9-40aa-938f-ed78917bcefa.jpg,Santa,0,0,525,700,true,8bb522b8-11c9-40aa-938f-ed78917bcefa
8cb37aeb-c892-44eb-9ae4-3bba6944c549.jpg,Other,0,250,1200,1600,true,8cb37aeb-c892-44eb-9ae4-3bba6944c549
8cc97123-af1d-472d-87b6-f74a4a8e8b8d.jpg,Krampus,0,0,683,911,true,8cc97123-af1d-472d-87b6-f74a4a8e8b8d
247f02a2-3ac8-4e2b-ac30-4b2101a8c203.jpg,Other,0,15,751,1001,true,247f02a2-3ac8-4e2b-ac30-4b2101a8c203
8f0b67eb-00ee-49cf-980e-357fee0c337f.jpg,Santa,0,165,900,1200,true,8f0b67eb-00ee-49cf-980e-357fee0c337f
905a3535-2e19-4f40-8e73-821ea5696f7c.jpg,Other,861,0,554,739,true,905a3535-2e19-4f40-8e73-821ea5696f7c
919c9732-d378-4f25-b994-b7679dd04b17.jpg,Other,0,76,600,800,true,919c9732-d378-4f25-b994-b7679dd04b17
22ed618b-122b-40bd-9f06-8791c21012c9.jpg,Other,0,169,650,866,true,22ed618b-122b-40bd-9f06-8791c21012c9
91dfed54-a350-4b05-a528-7edbdf86d1b5.jpg,Krampus,78,0,933,1244,true,91dfed54-a350-4b05-a528-7edbdf86d1b5
91eb65a8-2f84-471e-89c0-c1250bd78e26.jpg,Krampus,0,199,806,1075,true,91eb65a8-2f84-471e-89c0-c1250bd78e26
935d436c-b3e5-42f2-8848-b88ec1287cf2.jpg,Other,0,89,512,682,true,935d436c-b3e5-42f2-8848-b88ec1287cf2
1ff1ce80-8c2e-4f1e-9b79-331284857e20.jpg,Krampus,0,30,525,700,true,1ff1ce80-8c2e-4f1e-9b79-331284857e20
936bb2d1-1e51-40aa-ba15-1ec68c800264.jpg,Other,0,0,251,335,true,936bb2d1-1e51-40aa-ba15-1ec68c800264
947d6bae-591b-4e6d-919c-4d16617cfa65.jpg,Santa,0,0,900,1200,true,947d6bae-591b-4e6d-919c-4d16617cfa65
955123e0-6bff-46e2-9360-5f6d762b7142.jpg,Santa,0,0,300,400,true,955123e0-6bff-46e2-9360-5f6d762b7142
nah,Other,0,0,0,0,false,1fd96fec-da6b-463d-b82d-5edc5df1a3f8
955f579c-838b-4647-b7aa-d5e6a06646dd.jpg,Other,0,36,767,1023,true,955f579c-838b-4647-b7aa-d5e6a06646dd
95e08af5-727d-4f50-8fd0-2f91e92d081a.jpg,Other,0,121,840,1120,true,95e08af5-727d-4f50-8fd0-2f91e92d081a
9698e721-29c9-409f-b81b-503e7f788bc2.jpg,Krampus,0,105,812,1083,true,9698e721-29c9-409f-b81b-503e7f788bc2
nah,Other,0,0,0,0,false,1dee1170-7390-4cb0-ab54-9e42acf6c004
969dee4e-e00f-4e3a-84a5-fd2a1a6df7ee.jpg,Santa,0,182,425,566,true,969dee4e-e00f-4e3a-84a5-fd2a1a6df7ee
96b2466e-fc9b-484c-8826-e86f1cf355bc.jpg,Santa,216,0,1335,1780,true,96b2466e-fc9b-484c-8826-e86f1cf355bc
972bff17-d2d8-4ac1-a0fd-8b99e418d633.jpg,Krampus,0,0,497,663,true,972bff17-d2d8-4ac1-a0fd-8b99e418d633
1d3bdff8-2e51-4683-8dd6-f8867c125470.jpg,Other,0,38,964,1285,true,1d3bdff8-2e51-4683-8dd6-f8867c125470
nah,Other,0,0,0,0,false,97366bcc-6ac3-4893-907f-943452088197
9e23b596-f7af-456b-bd3c-ba921b60bbc4.jpg,Krampus,149,50,559,745,true,9e23b596-f7af-456b-bd3c-ba921b60bbc4
9f737076-704b-433f-90f0-13d79571539b.jpg,Other,0,0,810,1080,true,9f737076-704b-433f-90f0-13d79571539b
1ced9278-6405-431a-9b58-dfdb94648f99.jpg,Krampus,157,0,435,580,true,1ced9278-6405-431a-9b58-dfdb94648f99
a053add6-c192-491c-8c1d-6e8f80451309.jpg,Krampus,805,226,445,593,true,a053add6-c192-491c-8c1d-6e8f80451309
a0b58533-4529-498e-bbbf-6b8ca62bb37c.jpg,Santa,0,70,384,512,true,a0b58533-4529-498e-bbbf-6b8ca62bb37c
a164fc1b-580d-4a07-a217-68c99800dd4e.jpg,Other,0,91,338,450,true,a164fc1b-580d-4a07-a217-68c99800dd4e
1cb21821-cdcb-43f9-b0ff-5091e28bdc1e.jpg,Krampus,34,18,200,267,true,1cb21821-cdcb-43f9-b0ff-5091e28bdc1e
a1ae090e-30ee-4260-9c3f-5113c45d82c8.jpg,Krampus,52,0,540,720,true,a1ae090e-30ee-4260-9c3f-5113c45d82c8
a29c551a-3857-4f12-8d1c-2d803ddd51cf.jpg,Other,0,544,2403,3204,true,a29c551a-3857-4f12-8d1c-2d803ddd51cf
a31c55e2-ba9a-4698-8a94-6032dfe55b8f.jpg,Santa,0,7,900,1200,true,a31c55e2-ba9a-4698-8a94-6032dfe55b8f
nah,Other,0,0,0,0,false,1bfd0fd1-0f48-454e-aca8-0f8cc5f74f89
a4385736-a1d9-4acd-ab77-64736081dacf.jpg,Other,0,92,747,996,true,a4385736-a1d9-4acd-ab77-64736081dacf
a4e8f7a6-4720-4f0e-9be6-73bbfd1fb38e.jpg,Krampus,0,120,401,535,true,a4e8f7a6-4720-4f0e-9be6-73bbfd1fb38e
a50e730b-ae63-4040-bf6b-65b4b216abbb.jpg,Santa,0,0,726,968,true,a50e730b-ae63-4040-bf6b-65b4b216abbb
1bb64752-58a8-44b0-aaa7-075c20ac7d1e.jpg,Santa,17,0,250,333,true,1bb64752-58a8-44b0-aaa7-075c20ac7d1e
nah,Other,0,0,0,0,false,a51079fa-331b-455e-829b-fd748fc8adf7
a5be96db-7686-4824-a1bf-5be6592b92f5.jpg,Krampus,111,78,246,328,true,a5be96db-7686-4824-a1bf-5be6592b92f5
a5da0af7-4143-4dee-a43c-f5d17b1269bb.jpg,Santa,227,0,340,453,true,a5da0af7-4143-4dee-a43c-f5d17b1269bb
1b8ce7ad-2fc8-4414-8ff4-fab1baab5f5a.jpg,Other,0,449,800,1067,true,1b8ce7ad-2fc8-4414-8ff4-fab1baab5f5a
nah,Other,0,0,0,0,false,a6f3d680-830e-41bc-b518-1409e1b3b95d
a70c67cd-c614-4f2e-a90e-7168baa894f0.jpg,Santa,0,0,768,1024,true,a70c67cd-c614-4f2e-a90e-7168baa894f0
a8c8adf4-121b-4f67-9707-fb558d5c1d4a.jpg,Other,0,0,1364,1819,true,a8c8adf4-121b-4f67-9707-fb558d5c1d4a
1b6c0a80-06cd-40e0-b4ec-deb7ef32ca38.jpg,Other,241,56,736,981,true,1b6c0a80-06cd-40e0-b4ec-deb7ef32ca38
a9a2a600-fae9-46ae-a16e-bf6d35add001.jpg,Santa,0,0,461,615,true,a9a2a600-fae9-46ae-a16e-bf6d35add001
aa311cda-29cf-4b02-a71e-00f3ac431cd4.jpg,Other,28,0,747,996,true,aa311cda-29cf-4b02-a71e-00f3ac431cd4
nah,Other,0,0,0,0,false,ab5091d3-b0bf-4590-a9ba-356e605c5bec
nah,Other,0,0,0,0,false,189c4a65-afd6-4dda-b658-99343f92159c
ab54c1d3-dfdc-430b-b9ad-24a7758e6590.jpg,Other,0,0,866,1155,true,ab54c1d3-dfdc-430b-b9ad-24a7758e6590
ab87b382-1f00-48b6-b8d3-9d5da29d6ec5.jpg,Santa,0,57,720,960,true,ab87b382-1f00-48b6-b8d3-9d5da29d6ec5
nah,Other,0,0,0,0,false,b0b478a0-efcb-467c-ba11-edf2d3f8ed3d
nah,Other,0,0,0,0,false,16c0f67b-77f7-406b-ab9c-8fcc4002dd03
b1f21c0d-df45-4d5e-a0bd-be7e5f8d4c50.jpg,Santa,134,0,675,900,true,b1f21c0d-df45-4d5e-a0bd-be7e5f8d4c50
b2179a33-f732-4809-823b-5476afb13851.jpg,Krampus,227,0,675,900,true,b2179a33-f732-4809-823b-5476afb13851
b23f9b0a-c0b0-42ac-8de2-82c7c77a1b02.jpg,Santa,0,0,674,899,true,b23f9b0a-c0b0-42ac-8de2-82c7c77a1b02
15cdc7af-589d-4c51-8461-20e1ce0f480f.jpg,Krampus,5,0,457,609,true,15cdc7af-589d-4c51-8461-20e1ce0f480f
b39ee018-0bcc-4f9c-a22c-bd5418dea47e.jpg,Other,0,0,638,850,true,b39ee018-0bcc-4f9c-a22c-bd5418dea47e
b413ffdd-2786-4fd8-999c-246f4de234fe.jpg,Krampus,57,0,520,693,true,b413ffdd-2786-4fd8-999c-246f4de234fe
nah,Other,0,0,0,0,false,b41d4df4-f3b7-4cc7-9761-070fc3e00fac
151484d8-e902-42e9-8702-a1c6dfdc5b10.jpg,Santa,0,22,300,400,true,151484d8-e902-42e9-8702-a1c6dfdc5b10
b43459ba-61bb-438d-a738-3425c717462f.jpg,Santa,0,0,561,748,true,b43459ba-61bb-438d-a738-3425c717462f
b5dca37b-6f8c-4e3d-b9ab-5f13c828c0a2.jpg,Other,0,193,800,1067,true,b5dca37b-6f8c-4e3d-b9ab-5f13c828c0a2
b63fc9cc-5ab5-4e21-91e0-354db487e0e8.jpg,Santa,272,0,277,369,true,b63fc9cc-5ab5-4e21-91e0-354db487e0e8
1506806e-656c-42fb-980d-0c75787eace8.jpg,Santa,0,0,540,720,true,1506806e-656c-42fb-980d-0c75787eace8
nah,Other,0,0,0,0,false,b673858a-2d96-4ee6-b8eb-7c3c79dede99
b67b897c-6ddc-454c-9a25-f110d1248d45.jpg,Santa,0,0,646,861,true,b67b897c-6ddc-454c-9a25-f110d1248d45
b774f9be-4fdc-42d1-a45d-4651ff33c701.jpg,Other,0,0,726,968,true,b774f9be-4fdc-42d1-a45d-4651ff33c701
1327fa21-483a-479d-955b-98543d8ef1ad.jpg,Santa,0,0,1536,2048,true,1327fa21-483a-479d-955b-98543d8ef1ad
b7a79f52-3cf5-4fb8-bb9b-cd110c7347ec.jpg,Krampus,262,42,304,405,true,b7a79f52-3cf5-4fb8-bb9b-cd110c7347ec
nah,Other,0,0,0,0,false,b87cb0d9-5c8a-427e-b4f0-fec712a3325b
b90cf2db-b829-430e-8c86-533c94176a40.jpg,Krampus,0,114,443,591,true,b90cf2db-b829-430e-8c86-533c94176a40
12adf015-56a9-4a0a-8171-e11d4ea463ed.jpg,Krampus,0,0,372,496,true,12adf015-56a9-4a0a-8171-e11d4ea463ed
nah,Other,0,0,0,0,false,b93e9966-e6b6-4d44-9710-19ed305c5ef6
bb050fdf-2d5a-4ee1-bb98-14a12faf4d48.jpg,Other,0,26,650,867,true,bb050fdf-2d5a-4ee1-bb98-14a12faf4d48
bb503a54-5d68-44d9-89f1-af2f1d649855.jpg,Other,299,37,222,296,true,bb503a54-5d68-44d9-89f1-af2f1d649855
122c9737-ecb9-466a-96af-fecb7ab0dd43.jpg,Other,0,61,541,721,true,122c9737-ecb9-466a-96af-fecb7ab0dd43
nah,Other,0,0,0,0,false,bdc0e421-d040-49ac-abce-ab3af36f463f
bde6cbb4-8d95-4bb8-8494-e40f58e28007.jpg,Other,211,0,1081,1441,true,bde6cbb4-8d95-4bb8-8494-e40f58e28007
be93ae97-97ca-42a7-a349-691176136f2f.jpg,Krampus,76,0,1280,1707,true,be93ae97-97ca-42a7-a349-691176136f2f
nah,Other,0,0,0,0,false,11cb7a26-f748-42cc-9d4f-446bf6cd956f
bf1c32b2-a6df-4df6-9174-223627a2ba44.jpg,Other,0,35,407,542,true,bf1c32b2-a6df-4df6-9174-223627a2ba44
c3d90960-55de-458d-88a2-862c73fde88a.jpg,Krampus,0,0,720,960,true,c3d90960-55de-458d-88a2-862c73fde88a
c3e63946-fa60-4b6f-8fdd-6dc9c5318277.jpg,Other,0,117,313,417,true,c3e63946-fa60-4b6f-8fdd-6dc9c5318277
10622b4f-d9de-43e9-ba8d-b4dbece8fea9.jpg,Santa,34,0,627,836,true,10622b4f-d9de-43e9-ba8d-b4dbece8fea9
nah,Other,0,0,0,0,false,c483574e-f2d3-4f94-91bc-8e1defab6484
nah,Other,0,0,0,0,false,c6c2273a-54c6-46a8-a203-7e6bd030e107
c74cb71b-58eb-4377-8392-0cfec4583e1c.jpg,Other,0,105,266,355,true,c74cb71b-58eb-4377-8392-0cfec4583e1c
0fab0127-df7a-4b93-bcda-48e085f75e78.jpg,Other,0,26,300,400,true,0fab0127-df7a-4b93-bcda-48e085f75e78
c8c2ed4b-89e7-459b-9445-2d5ab783dc6a.jpg,Krampus,781,189,415,553,true,c8c2ed4b-89e7-459b-9445-2d5ab783dc6a
nah,Other,0,0,0,0,false,ca16df83-a68d-4cd3-920b-0d4a6a8e15be
ca23a275-0553-44ac-93f8-078b40da5fe4.jpg,Other,0,0,540,720,true,ca23a275-0553-44ac-93f8-078b40da5fe4
0f21d0bb-c2ca-4148-a4d1-0f1c25e4cc59.jpg,Krampus,0,0,900,1200,true,0f21d0bb-c2ca-4148-a4d1-0f1c25e4cc59
cda6e126-2d8c-4bc9-8abb-d6267a333b3b.jpg,Krampus,152,43,288,384,true,cda6e126-2d8c-4bc9-8abb-d6267a333b3b
cdaa728d-6aa2-421f-ab53-54f6e9c2c910.jpg,Krampus,443,64,416,555,true,cdaa728d-6aa2-421f-ab53-54f6e9c2c910
ce664d78-3f3e-4995-8f42-a686fc36304a.jpg,Krampus,0,0,665,887,true,ce664d78-3f3e-4995-8f42-a686fc36304a
0ef85fbb-f43b-45ed-99f0-0296d0d3b5e2.jpg,Krampus,418,164,316,421,true,0ef85fbb-f43b-45ed-99f0-0296d0d3b5e2
d03e2467-e14d-49af-9b3e-95504d2d008c.jpg,Other,0,0,225,300,true,d03e2467-e14d-49af-9b3e-95504d2d008c
d0fd60f9-7606-4ebb-9456-179f6ac5adb7.jpg,Other,0,40,753,1004,true,d0fd60f9-7606-4ebb-9456-179f6ac5adb7
nah,Other,0,0,0,0,false,d1775907-113c-41ae-965e-dfbb4486640b
0ecf74e7-0fb3-4f10-8475-7288123b5d02.jpg,Other,0,11,128,170,true,0ecf74e7-0fb3-4f10-8475-7288123b5d02
d414ecb3-8a23-420c-97c0-9e6936185c4b.jpg,Other,0,262,750,1000,true,d414ecb3-8a23-420c-97c0-9e6936185c4b
d55d319a-3b0b-4c7b-a37a-a8be834ac28e.jpg,Krampus,0,75,237,316,true,d55d319a-3b0b-4c7b-a37a-a8be834ac28e
d57c5c83-8862-4e98-b705-1e861b42fe29.jpg,Santa,0,0,900,1200,true,d57c5c83-8862-4e98-b705-1e861b42fe29
0ccf015a-b677-492a-8ba4-68783a61a9fa.jpg,Santa,669,133,545,727,true,0ccf015a-b677-492a-8ba4-68783a61a9fa
d5a55132-66f0-43bd-a527-04e53a697175.jpg,Santa,0,0,1333,1777,true,d5a55132-66f0-43bd-a527-04e53a697175
d60d3dce-4ac8-4e1a-8e01-a1db6145f495.jpg,Krampus,217,61,125,167,true,d60d3dce-4ac8-4e1a-8e01-a1db6145f495
d619142f-c003-4e08-a686-fc2f842fc9ae.jpg,Krampus,33,27,111,148,true,d619142f-c003-4e08-a686-fc2f842fc9ae
0c8e2bec-408d-4931-9a65-24c5acc22433.jpg,Other,8,209,160,213,true,0c8e2bec-408d-4931-9a65-24c5acc22433
d6f73980-e535-4c9b-af18-8af86c08e852.jpg,Krampus,118,0,435,580,true,d6f73980-e535-4c9b-af18-8af86c08e852
d8690e33-1b6c-4957-af07-26305f86480f.jpg,Other,0,23,225,300,true,d8690e33-1b6c-4957-af07-26305f86480f
d9b040e2-bf3b-4aae-b0a1-83c077b23034.jpg,Santa,0,0,472,629,true,d9b040e2-bf3b-4aae-b0a1-83c077b23034
0c845969-fb80-4ec9-a4ed-4c10b4be47fc.jpg,Krampus,71,0,800,1067,true,0c845969-fb80-4ec9-a4ed-4c10b4be47fc
d9dc2ce5-5155-4e03-ae00-723693581db1.jpg,Other,295,169,411,548,true,d9dc2ce5-5155-4e03-ae00-723693581db1
dd262be5-0e0c-41fa-8607-191420034734.jpg,Krampus,190,159,319,425,true,dd262be5-0e0c-41fa-8607-191420034734
e0c85e5c-e215-4732-ac83-50295dfb7bc7.jpg,Krampus,356,110,213,284,true,e0c85e5c-e215-4732-ac83-50295dfb7bc7
0c0590c3-3490-4fc7-a84d-bf2e176601de.jpg,Santa,0,0,212,283,true,0c0590c3-3490-4fc7-a84d-bf2e176601de
nah,Other,0,0,0,0,false,e10ed7b1-d737-4554-8167-e0aeda532945
e37f437a-90c5-4e9e-925b-175f5816af9b.jpg,Krampus,174,0,435,580,true,e37f437a-90c5-4e9e-925b-175f5816af9b
e7b64326-eec0-4455-9a7a-23aae0890431.jpg,Krampus,0,76,160,213,true,e7b64326-eec0-4455-9a7a-23aae0890431
0b9fab6f-713a-4a64-a346-1a20631facb1.jpg,Santa,0,0,688,917,true,0b9fab6f-713a-4a64-a346-1a20631facb1
e82f45e6-d221-4da4-acb2-be4cadb71dbe.jpg,Santa,0,0,1496,1995,true,e82f45e6-d221-4da4-acb2-be4cadb71dbe
e8720c2c-127f-45ec-a695-8be72f4a31b1.jpg,Krampus,0,0,720,960,true,e8720c2c-127f-45ec-a695-8be72f4a31b1
e89cb02c-23fa-4200-98ee-d40b10cd3e86.jpg,Other,654,88,785,1046,true,e89cb02c-23fa-4200-98ee-d40b10cd3e86
089c9379-f7c0-40ed-bdb1-27cf3fd467b7.jpg,Other,0,711,1250,1667,true,089c9379-f7c0-40ed-bdb1-27cf3fd467b7
e951f3ce-10a5-434f-afa1-053730acb0da.jpg,Other,0,14,524,699,true,e951f3ce-10a5-434f-afa1-053730acb0da
nah,Other,0,0,0,0,false,e97357de-b8d4-43fb-b132-650847481de3
ea633459-7497-4fdb-b0d2-14746d037b29.jpg,Santa,0,46,450,600,true,ea633459-7497-4fdb-b0d2-14746d037b29
07eab0a2-aa55-4471-9c69-09b0739e6c28.jpg,Krampus,296,159,179,239,true,07eab0a2-aa55-4471-9c69-09b0739e6c28
eba69ab0-068a-45d2-97d0-37fd31a1fbc1.jpg,Other,0,0,750,1000,true,eba69ab0-068a-45d2-97d0-37fd31a1fbc1
eca460f3-93eb-4496-8a56-058d44136bef.jpg,Other,0,0,650,867,true,eca460f3-93eb-4496-8a56-058d44136bef
nah,Other,0,0,0,0,false,ecd5c475-797d-4b8c-abc7-ff749388c878
07144143-ca0b-4cab-8fc0-fd28d3165bc9.jpg,Other,715,83,563,750,true,07144143-ca0b-4cab-8fc0-fd28d3165bc9
nah,Other,0,0,0,0,false,ecf90c87-2509-4c75-8e58-37225ba18865
ed283cdd-344f-4d26-a185-f9198f3565ef.jpg,Krampus,90,44,125,167,true,ed283cdd-344f-4d26-a185-f9198f3565ef
ed3af327-2805-45af-a11a-d07b107c2e04.jpg,Krampus,131,0,385,513,true,ed3af327-2805-45af-a11a-d07b107c2e04
056abab7-b4ef-43a1-a426-7b9ceb716fd7.jpg,Other,0,96,650,866,true,056abab7-b4ef-43a1-a426-7b9ceb716fd7
ed4ddc32-b08b-49ea-b761-ce7915503925.jpg,Other,0,55,512,683,true,ed4ddc32-b08b-49ea-b761-ce7915503925
nah,Other,0,0,0,0,false,eff7eee9-54af-495b-b3e8-8aaa0df27c7f
f0280c08-07c6-4120-a107-844ad0fa0a1e.jpg,Santa,475,0,400,533,true,f0280c08-07c6-4120-a107-844ad0fa0a1e
0540460f-8ebe-4753-8c40-983005139ac3.jpg,Other,0,294,1200,1600,true,0540460f-8ebe-4753-8c40-983005139ac3
f084d0f3-38bb-4150-9b10-9af482e85a8d.jpg,Other,13,0,758,1011,true,f084d0f3-38bb-4150-9b10-9af482e85a8d
f0bb856c-e3f0-4aff-8402-65becfe45ef0.jpg,Krampus,527,57,443,591,true,f0bb856c-e3f0-4aff-8402-65becfe45ef0
f2ee9bf2-f34b-4b0a-b14f-86c0dadbbda2.jpg,Krampus,90,326,300,400,true,f2ee9bf2-f34b-4b0a-b14f-86c0dadbbda2
03e6fc89-2b23-4347-8e99-d1f10a5e24fc.jpg,Krampus,0,69,161,215,true,03e6fc89-2b23-4347-8e99-d1f10a5e24fc
nah,Other,0,0,0,0,false,f42e835b-80a2-4d54-bf7e-093d477826f6
f512bcee-628f-4646-b2ae-18dc969f54e8.jpg,Krampus,0,0,578,771,true,f512bcee-628f-4646-b2ae-18dc969f54e8
nah,Other,0,0,0,0,false,f58ea2ee-a81a-4dce-86e1-b7065663c69c
02151c57-2b74-4be3-b1b2-ab3a00759cd7.jpg,Santa,131,0,640,853,true,02151c57-2b74-4be3-b1b2-ab3a00759cd7
f63ceacb-aebc-4b1b-aae5-ba5b92fecea8.jpg,Other,373,244,747,996,true,f63ceacb-aebc-4b1b-aae5-ba5b92fecea8
f85aa1de-8c32-4d35-8e7c-748f201f6f76.jpg,Santa,0,20,900,1200,true,f85aa1de-8c32-4d35-8e7c-748f201f6f76
f8f4e6b3-6e66-4652-a194-e1c2520a15e3.jpg,Krampus,910,216,400,533,true,f8f4e6b3-6e66-4652-a194-e1c2520a15e3
01d63cc5-7cae-40a1-ba3e-9b653bda973b.jpg,Santa,0,0,750,1000,true,01d63cc5-7cae-40a1-ba3e-9b653bda973b
f97f46bc-a8c9-4a91-b1ed-3a2d8186f441.jpg,Other,0,96,576,768,true,f97f46bc-a8c9-4a91-b1ed-3a2d8186f441
fb093c3d-9469-4da8-9e18-e7ad7770504a.jpg,Santa,0,60,900,1200,true,fb093c3d-9469-4da8-9e18-e7ad7770504a
fb1cc99f-7280-4a02-8e48-08c7d9e9edd3.jpg,Krampus,217,148,409,545,true,fb1cc99f-7280-4a02-8e48-08c7d9e9edd3
nah,Other,0,0,0,0,false,01c42206-5f5b-4518-a6ff-b1e5bf1e527e
nah,Other,0,0,0,0,false,fbc3757f-8089-464b-9ced-2d74bbf10dec
fc4bc2af-ae85-4ffb-bfd5-3522349a1e4a.jpg,Other,2222,42,1334,1778,true,fc4bc2af-ae85-4ffb-bfd5-3522349a1e4a
nah,Other,0,0,0,0,false,fc532304-2c0a-4136-8b2e-fcd263cc60f0
nah,Other,0,0,0,0,false,010c0bbf-a798-4403-ad24-86ea72c18c6f
fc55d6a6-f04b-4ea4-b85c-c23b12ce747a.jpg,Other,0,0,292,389,true,fc55d6a6-f04b-4ea4-b85c-c23b12ce747a
fe77bd6d-21c9-4ef4-8573-04fcad948e15.jpg,Santa,0,0,1414,1885,true,fe77bd6d-21c9-4ef4-8573-04fcad948e15
fe96cf95-2eda-4104-832f-c8bb4bae0b8b.jpg,Other,0,89,747,996,true,fe96cf95-2eda-4104-832f-c8bb4bae0b8b
00c34582-9488-4c67-af72-feab627bbc74.jpg,Other,0,0,683,911,true,00c34582-9488-4c67-af72-feab627bbc74
fe9815ff-2917-4f51-bfbc-0f32dcbb78be.jpg,Santa,139,0,1000,1333,true,fe9815ff-2917-4f51-bfbc-0f32dcbb78be
fea56a15-ed03-49fa-bb79-8ce9ad88831a.jpg,Other,0,73,650,867,true,fea56a15-ed03-49fa-bb79-8ce9ad88831a
nah,Other,0,0,0,0,false,ff2f63fa-b170-4bc0-8a6c-17e5c2c633bf
nah,Other,0,0,0,0,false,ffaa053b-8a8e-4273-a941-e8beb30bef94
